rank,cp_iters,params,assumed_pck20,cp_latency_us_at_100pct,onnx_latency_us_at_100pct,total_latency_us_at_100pct,fps_at_100pct,onnx_mean_us,onnx_median_us,onnx_p95_us,onnx_min_us
2,10,64134,47.0,1700.0,171.9738,1871.9738,534.1955106422964,171.9738,152.85,279.0,136.1
4,10,64884,50.8,3400.0,204.1934,3604.1934,277.45458942353093,204.1934,197.6,279.5,140.6
6,10,65642,51.6,5100.0,155.8584,5255.8584,190.26387773308352,155.8584,147.3,196.7,142.2
8,10,66408,52.1,6800.0,199.9702,6999.9702,142.8577510229972,199.9702,162.5,327.9,144.8
